customer_id,credit_lines_outstanding,loan_amt_outstanding,total_debt_outstanding,income,years_employed,fico_score,default,mse_bucket,ll_bucket
4045948,0,5396.366774,5298.824524,92349.55399,2,447,0,0,0
5028983,3,5328.582196,20056.74958,91016.20181,1,455,1,0,0
8469963,5,4424.819601,20384.26767,73983.50212,5,466,1,0,0
2385096,0,1245.36597,636.920466,18464.58613,3,475,0,0,0
1467134,4,2608.798997,11177.43742,39682.19883,1,480,1,0,0
6792797,5,2614.14013,12238.64243,39551.02221,4,481,1,0,0
8471910,0,3983.6763,6719.219449,93956.24066,6,481,0,0,0
1881253,5,4939.075672,18956.44352,73162.49295,4,481,1,0,0
3460130,2,2868.426985,6029.500768,47876.67093,6,481,0,0,0
3947324,0,4130.422885,1749.347943,59001.9326,2,484,0,0,0
3498275,5,4489.257545,17259.83077,68401.78688,2,490,1,0,0
7173017,5,6277.60766,29268.30503,96766.69729,4,502,1,0,0
2043580,4,4819.694373,17034.31498,80094.28127,5,504,1,0,0
1052659,0,3445.210092,4323.070589,66758.09167,3,504,0,0,0
6685377,1,2279.573451,4207.273725,38656.46856,4,508,0,0,0
6399908,5,6612.864461,26867.80342,95484.20393,3,508,1,0,0
3810126,4,5400.654736,26017.14748,117493.3115,6,508,1,0,0
4991477,5,3305.069595,25520.98329,90774.47952,5,509,1,0,0
2438598,0,4979.313632,4406.527131,72935.39338,4,511,0,0,0
8578451,0,3895.269812,4945.140186,59732.50624,4,513,0,0,0
6991491,5,3508.423992,21307.0328,71034.34755,5,513,1,0,0
2454364,5,6731.216063,24140.3798,87610.27325,2,514,1,0,0
8571897,1,4689.997284,7454.473944,89940.20848,8,515,0,0,0
6428396,0,2710.632661,3783.19632,52043.13762,3,516,0,0,0
1668823,5,2943.299109,11209.823,43400.91984,5,516,1,0,0
6339023,1,3957.181064,8189.330008,70900.34087,4,518,0,0,0
2332956,5,3479.502788,14931.80856,56988.92226,4,520,1,0,0
4339462,1,6982.22201,5906.09034,89549.70161,6,521,0,0,0
5894894,0,3417.068064,3531.732672,50605.67841,4,521,0,0,0
6505931,0,3338.48609,5389.226165,70779.95097,5,522,0,0,0
5935610,5,3838.979905,17987.11053,69364.65894,6,523,1,0,0
6880120,3,5254.532286,20160.70392,95270.29507,3,524,1,0,0
1737356,2,3206.807748,11331.42777,63168.28394,3,525,0,0,0
3555143,1,3440.842174,7009.017521,49413.51814,3,527,0,0,0
6642573,5,4309.035596,27756.32333,83847.86273,5,527,1,0,0
5046534,0,3454.158193,3695.674532,60003.69047,3,527,0,0,0
7304383,5,3099.007102,16913.47635,62258.30821,4,527,1,0,0
6788057,0,5440.302728,3620.716047,91784.42275,6,529,0,0,0
1765571,5,5401.055102,21573.90547,85818.30865,5,530,1,0,0
8551890,0,5044.106619,5378.621481,91383.46571,4,530,0,0,0
4815379,1,3991.65924,9199.212955,60974.94497,1,530,0,0,0
8373345,0,4790.726048,3236.670635,73466.87582,5,531,0,0,0
3724819,1,3558.551904,5231.17193,53200.70056,6,532,0,0,0
4744929,5,3119.189274,14707.21334,52337.50182,2,532,1,0,0
6891512,4,5595.930322,19289.0741,75337.18447,0,533,1,0,0
4260463,4,5713.43439,21401.27554,81627.55137,3,533,1,0,0
2168984,3,5789.876446,13089.75902,85299.5896,6,533,0,0,0
6953185,5,4029.979988,24203.02733,83755.09055,4,534,1,0,0
1648023,5,2911.117016,13437.47174,44683.04084,5,534,1,0,0
8737744,1,5192.897588,11918.63576,87466.95298,3,535,0,0,0
6999739,0,2853.326396,3086.037758,43838.53453,5,536,0,0,0
7683882,4,5684.717836,17655.18611,86966.27279,5,536,1,0,0
6467769,5,4280.901448,21337.62586,71207.07966,3,536,1,0,0
5558065,5,3226.790388,12599.81008,46423.98994,4,536,1,0,0
6455088,5,4673.288856,17681.72186,66548.12035,4,537,1,0,0
3136897,1,5057.670629,10220.47239,100113.9828,6,539,0,0,0
4273778,2,3808.04903,9851.20095,69258.52861,5,539,0,0,0
5201032,5,7024.41041,26596.32318,92471.08498,3,539,1,0,0
2671353,5,5691.710738,25802.3152,85075.45006,4,541,1,0,0
3696341,5,5114.174723,29777.41208,105098.5136,3,541,1,0,0
6325220,5,3507.902474,19990.89793,69486.70311,4,542,1,0,0
7542470,0,3426.027007,3963.490966,79762.09093,4,543,0,0,0
6175720,0,3558.91254,4723.573449,51723.57966,3,544,0,0,0
4351916,1,2905.259997,5615.088147,47452.68166,6,544,0,0,0
5433645,2,3553.179208,9264.469196,71106.61473,6,544,0,0,0
4616950,4,3302.172238,13067.57021,50352.16821,3,545,1,0,0
1273611,1,2415.207956,4946.684255,62122.91383,6,545,0,0,0
4002168,5,3687.063498,14737.18223,61689.46931,6,545,1,0,0
4386807,0,6154.415356,6771.136437,99514.82254,5,545,0,0,0
5475178,5,3978.718132,14444.93534,52661.61602,4,546,1,0,0
4533385,0,5587.896567,6187.078156,93643.05616,3,547,0,0,0
8399441,0,4545.342262,6554.99744,81556.14511,5,547,0,0,0
5449290,2,8729.634257,15180.99072,116289.8622,5,547,0,0,0
3190566,2,5194.982427,8474.763456,63814.34365,3,548,0,0,0
6318664,1,4508.65364,8907.094594,81131.16826,6,548,0,0,0
4954128,1,1675.015157,3570.914179,32213.09521,6,549,0,0,0
1573684,0,3889.48117,3277.362689,65695.06604,4,549,0,0,0
1606543,5,2639.840167,16452.29304,51360.41005,5,550,1,0,0
7273820,5,4142.745291,21820.94088,75350.08916,4,550,1,0,0
1146826,1,3988.563878,7287.83646,56036.14865,3,550,0,0,0
4222389,5,4973.534646,25252.5309,90710.96485,5,551,1,0,0
7499427,5,5173.709153,29877.52662,87171.34536,3,552,1,0,0
4951943,5,3308.441678,18042.03529,60513.88204,4,552,1,0,0
2529399,2,4831.422494,10401.67381,77411.14134,5,553,0,0,0
1938991,4,3829.419338,19212.34309,82495.31812,2,553,1,0,0
4500592,0,2031.969332,3061.968633,31420.41226,3,554,0,0,0
3859923,0,4146.561685,5398.562837,64375.34127,3,554,0,0,0
5650696,3,4899.443593,17795.9173,81136.36579,2,554,1,0,0
1988418,0,4230.361861,2268.81345,68514.97134,5,555,0,0,0
3126861,3,2310.542561,16649.02867,85740.50065,6,555,0,0,0
1968703,0,4238.251606,4489.293815,64372.71592,4,555,0,0,0
8081952,1,2318.533799,3953.867057,35303.43939,7,555,0,0,0
3002299,2,4243.873888,8509.170811,74644.89747,6,555,0,0,0
2744800,2,3409.418479,8977.27172,79663.98756,6,555,0,0,0
5699479,5,3840.418321,14994.26544,53794.32662,1,555,1,0,0
1680523,4,3823.758134,14488.29674,54329.6369,1,556,1,0,0
5768075,0,2634.015661,3878.539547,54051.0742,1,556,0,0,0
4792678,5,6120.536516,26221.02363,92202.28574,4,556,1,0,0
6160336,3,6430.86851,15589.41734,83572.75348,6,557,0,0,0
6979004,0,4085.634878,820.6393796,82063.93796,4,557,0,0,0
6915560,5,2312.683171,23734.39916,66450.11905,5,557,1,0,0
3517176,0,4871.100079,6619.755852,87203.59129,3,558,0,0,0
8724194,5,4194.339297,17940.14287,67188.66182,3,558,1,0,0
2867874,1,4975.967345,8431.26095,62965.23063,4,558,0,0,0
4963158,0,3648.628104,2660.769199,53321.52026,3,558,0,0,0
4813483,5,4972.317809,18663.928,68689.21204,4,558,1,0,0
4612284,4,3976.583011,16262.24358,60513.41862,1,559,1,0,0
8303811,0,3566.713868,4298.457446,55400.083,2,560,0,0,0
8919468,0,6122.534809,3308.52031,86757.74902,4,560,0,0,0
2667527,1,5628.334743,13644.77429,100742.7413,4,560,0,0,0
8243006,0,2688.108974,4753.815127,61965.87496,4,560,0,0,0
7559335,3,4490.093963,12380.55361,65890.77316,2,561,1,0,0
3543898,1,3837.675904,11026.9336,74047.39397,3,561,0,0,0
7206283,1,4459.889611,8052.83855,93667.87458,5,561,0,0,0
7381325,2,2700.877759,7871.665425,80069.55102,8,562,0,0,0
7069051,0,2689.498576,4004.572287,51192.76073,3,562,0,0,0
3783531,4,3872.037505,20563.88969,97590.82395,7,562,0,0,0
7212136,0,2437.736736,4028.896051,38502.64477,3,563,0,0,0
7349297,5,4775.527495,17532.70052,63702.51532,4,563,1,0,0
5006585,1,3560.648035,5273.74225,60497.19791,6,563,0,0,0
7784359,2,3332.610815,8299.664651,51404.18951,6,563,0,0,0
3772158,0,1796.157595,2207.473922,25010.49189,3,563,0,0,0
6031818,5,3280.272295,18732.54767,67417.22083,3,563,1,0,0
1795767,5,5700.276794,26488.38806,92408.95124,3,563,1,0,0
7640476,0,3895.483296,7012.244898,80860.68421,2,564,0,0,0
4560384,1,3150.307347,8645.996457,77282.96063,6,564,0,0,0
8896053,0,4175.187748,2875.543945,59508.3302,4,565,0,0,0
2548151,0,3828.926636,4685.08489,73368.43289,4,565,0,0,0
7292667,1,1956.430992,4024.409483,36148.30797,6,566,0,0,0
4417198,0,5095.76272,7560.917967,92145.33913,4,566,0,0,0
6225091,4,3776.309219,12294.05873,51314.47595,5,566,1,0,0
8921425,0,3953.695422,3925.00969,64051.19706,3,567,0,0,0
8353705,4,2448.725785,8633.235167,38825.62225,6,568,1,0,0
4155437,3,3975.339515,11809.40062,64345.1119,4,568,0,0,0
2548560,5,5227.129372,30897.38167,83840.58872,4,569,1,0,0
4492826,5,6228.753148,28364.21558,86838.90302,1,570,1,0,0
7662162,0,4258.977205,6058.88053,71348.37928,4,570,0,0,0
2142830,1,5306.260784,4551.367212,57777.86489,5,570,0,0,0
8528290,0,5413.322548,3473.557926,73277.28454,4,571,0,0,0
7059831,2,2854.198163,5053.30323,41883.44564,5,571,0,0,0
4069973,1,4432.312337,5806.411114,64209.95325,6,571,0,0,0
6744637,0,6287.503576,7028.876911,91578.92445,4,571,0,0,0
6982915,0,2044.175904,2822.32483,53291.82315,5,571,0,0,0
3330128,5,4089.44767,20591.1204,66473.29366,3,572,1,0,0
2624654,5,4379.891151,18463.02841,64594.53761,2,572,1,0,0
3407530,5,2057.537353,9315.729725,33291.48972,3,572,1,0,0
5681159,0,6340.113662,2492.875088,111272.6914,2,572,0,0,0
8838592,5,4429.009343,26716.4405,99683.45517,3,572,1,0,0
7442532,5,1958.928726,8228.75252,26648.43525,2,572,1,0,0
3103236,5,4604.328507,20970.73837,72479.0818,3,573,1,0,0
6375728,0,2282.40746,2915.238449,40307.78339,3,573,0,0,0
3012281,0,3377.608036,4727.617769,70942.32723,6,573,0,0,0
2346075,0,5250.094385,4233.980876,86137.04205,4,574,0,0,0
2415824,0,4182.787527,6998.283935,81592.14092,3,574,0,0,0
1386949,0,1854.521829,369.7259763,36972.59763,3,574,0,0,0
3107585,0,3508.661245,5837.551942,65491.8055,5,575,0,0,0
8926016,5,4455.723618,21759.58907,68241.17866,4,576,1,0,0
4467576,2,5149.749879,11248.29766,76558.43967,3,577,0,0,0
4356266,0,2789.186108,5752.040968,64842.10485,4,577,0,0,0
8523984,0,3292.188352,2949.064575,46991.4853,7,577,0,0,0
6694674,1,2305.03445,4681.362495,54885.43693,7,578,0,0,0
5017501,0,5420.55185,7445.066846,88968.05352,3,578,0,0,0
7629971,5,3837.924807,20105.33823,60772.965,4,578,1,0,0
5740743,4,6412.606697,19535.00286,84630.48879,3,578,1,0,0
4564468,3,4273.784932,12408.1039,74471.1917,6,578,0,0,0
2685945,5,5827.699094,26595.77806,88404.12011,2,579,1,0,0
4153251,5,5715.73614,29344.95961,100568.0045,7,579,1,0,0
4320547,1,3438.165737,6899.967887,95771.69288,7,580,0,0,0
5918878,0,3227.726625,2620.095856,45176.62211,6,580,0,0,0
7514818,1,4056.831682,5547.162703,64371.4273,6,580,0,0,0
7431458,0,2914.249997,917.3111082,64879.74563,5,581,0,0,0
2056764,0,2674.325465,1137.337287,37336.03927,4,581,0,0,0
1079084,1,6110.090487,9829.006753,91738.61127,2,581,0,0,0
6128986,4,4191.175033,17735.2477,76770.64923,6,581,1,0,0
2999053,0,4461.847138,6965.056642,98149.74308,6,581,0,0,0
3618130,0,5459.031609,6861.574102,100230.7617,5,582,0,0,0
8425387,3,5958.102339,12941.4633,70002.34484,4,582,0,0,0
8044249,4,6151.278331,23255.14566,86046.89206,1,582,1,0,0
2691552,5,3772.763476,14149.06605,59584.26177,5,582,1,0,0
4818800,4,4182.426767,18956.46543,83366.05862,6,583,1,0,0
3087069,0,4294.47539,7237.49265,70514.35871,3,583,0,0,0
5567448,0,4509.720845,6913.974978,83146.48342,3,583,0,0,0
4739563,1,6055.781329,11669.25375,94461.80098,3,583,0,0,0
5938407,2,4990.456689,11245.73448,85487.12651,7,583,0,0,0
4580778,0,7179.330435,9808.671634,106704.3437,3,584,0,0,0
4807664,2,3325.400553,11499.39887,75547.89838,6,584,0,0,0
6610306,5,5390.873161,30441.76235,91844.02459,2,584,1,0,0
1472129,0,3939.776134,606.4100959,60641.00959,5,584,0,0,0
5575582,2,2194.075683,5563.153974,40395.65983,6,584,0,0,0
6733204,5,4720.508454,27947.97458,92090.59824,3,584,1,0,0
1947128,0,2379.489254,1402.773808,50928.4222,4,585,0,0,0
4231925,1,4366.062947,11417.62362,96329.80726,3,585,0,0,0
2464449,0,4264.628218,3725.40153,61424.19097,3,585,0,0,0
5612885,0,3758.595117,4017.079197,63723.12978,5,585,0,0,0
4446317,5,4480.557577,22035.36728,69155.32428,5,585,1,0,0
2831029,1,3562.599104,5049.934779,51958.08895,6,585,0,0,0
5120838,0,2744.111896,494.3763363,49437.63363,5,586,0,0,0
1822990,0,4309.2374,4339.783315,66627.25159,5,586,0,0,0
7083271,0,5008.320014,2648.438146,79591.60338,2,587,0,1,0
7637797,1,3358.223486,5470.835315,67882.70165,5,587,0,1,0
6350228,0,4613.023974,6629.04622,102596.7528,2,587,0,1,0
4058072,0,3874.611528,3206.100312,72266.90664,6,587,0,1,0
6381573,5,3848.509319,18052.44355,60919.57161,4,587,1,1,0
5166994,0,5539.953278,6018.77226,82383.01556,4,587,0,1,0
3365880,5,4278.794095,17092.49453,57289.69237,4,587,1,1,0
7164264,1,3878.313431,7861.594153,60359.34399,6,587,0,1,0
6270923,1,6213.579561,11450.60109,100836.8991,4,587,0,1,0
4570465,5,6163.80366,22891.73376,74879.65589,3,587,1,1,0
4265770,2,3682.300399,13665.47622,81215.98749,5,589,0,1,0
1976547,5,4353.616955,26918.99298,85320.42731,4,589,1,1,0
1008374,4,2666.37757,8814.582436,35441.10056,3,589,1,1,0
3913463,1,3726.430399,5573.155053,66898.13695,6,590,0,1,0
2449444,5,4246.645948,15751.98672,65140.75415,3,591,1,1,0
2624090,3,5737.754755,17009.67596,81150.56651,5,591,0,1,0
3873416,5,3570.396396,19327.61013,74141.03734,6,591,1,1,0
4958127,5,5742.279911,22148.8414,83127.52573,2,591,1,1,0
1513323,5,4221.93606,20144.70661,76936.18902,3,591,1,1,0
2118635,0,6125.745268,2375.164565,86482.23586,2,591,0,1,0
3553471,0,2955.884729,2922.809204,46471.17864,4,592,0,1,0
3781641,3,5235.733354,17908.07126,87976.16249,2,592,1,1,0
2737258,0,5240.3088,5996.375009,97969.79161,3,592,0,1,0
3564498,1,3020.363693,5067.675751,55197.07155,5,593,0,1,0
8983919,1,3166.537998,7669.438912,66182.23024,6,593,0,1,0
2754971,5,4539.013617,22850.03379,69030.06775,4,593,1,1,0
8633630,5,7880.378251,35666.00602,110619.2778,4,594,1,1,0
7800395,2,3593.316487,12086.78913,84103.10424,6,594,0,1,0
1959581,5,3365.78029,14552.00146,54761.3913,3,594,1,1,0
7180627,0,5464.999792,2263.428252,69622.93294,2,594,0,1,0
8605191,0,5754.108133,1727.817099,73168.31154,4,594,0,1,0
4438673,3,4740.441685,13877.69575,77332.61801,6,595,0,1,0
4719420,1,4821.075352,7447.861135,80906.49679,6,595,0,1,0
7434183,4,3103.399217,13222.35757,56943.83738,5,595,1,1,0
1798608,1,2925.513567,5441.242839,67458.06326,5,596,0,1,1
6207716,5,4029.120901,23608.0297,70688.73847,4,596,1,1,1
5600112,5,3992.728087,18528.00845,64348.07693,4,596,1,1,1
7258185,1,3966.361901,6527.980392,59602.04717,6,596,0,1,1
6578481,2,3637.942605,11816.70657,67412.03101,3,596,0,1,1
7158859,0,3837.459549,2598.37913,70502.57308,6,596,0,1,1
6552907,0,3285.841537,4459.926443,66382.17214,4,596,0,1,1
8521446,0,3334.584216,2992.09521,68928.27308,5,596,0,1,1
2494206,5,1445.240903,7831.909836,25976.41432,4,597,1,1,1
6985554,1,6160.555766,11017.64312,91417.51615,7,597,0,1,1
5048086,1,3884.599459,6469.556288,70026.2534,6,597,0,1,1
7930626,0,4414.107643,8292.948642,78644.36769,5,597,0,1,1
8749364,0,2701.848689,3896.229771,63045.80042,5,597,0,1,1
5577735,0,4408.530867,6526.566353,80855.42605,3,598,0,1,1
3224310,0,4277.033817,4359.413104,58893.09953,4,598,0,1,1
2280203,1,2600.417306,6322.254678,57515.94978,6,598,0,1,1
1436431,0,3979.541343,3715.293932,58942.30901,4,598,0,1,1
6040639,5,2893.924999,12910.86685,48562.55684,6,598,1,1,1
2081349,0,3911.921829,3617.612501,87548.79748,5,598,0,1,1
6055644,0,4140.176184,5127.657972,79544.79099,4,598,0,1,1
7463831,0,3928.799813,2929.216684,59258.86563,6,599,0,1,1
5300545,0,3547.897226,3780.929312,46831.10664,3,599,0,1,1
4382360,3,4806.864262,14702.98825,87593.08538,5,599,0,1,1
1040223,0,4951.340315,7569.230092,77858.65359,4,600,0,1,1
7648219,5,3275.017159,14488.74583,51889.8261,6,600,1,1,1
3749490,0,2322.072134,377.4502548,37745.02548,2,601,0,1,1
8037888,5,4381.475512,17626.02792,66691.27917,3,601,1,1,1
3802810,2,3619.857951,11012.95755,61770.64478,3,601,0,1,1
6620420,0,2886.126559,5083.890754,63053.82913,3,601,0,1,1
8950330,4,2406.930525,14425.19013,74696.90057,7,601,0,1,1
5674473,5,5166.789359,30758.14262,89335.8922,4,602,1,1,1
3578717,0,6064.123004,4651.182782,83316.08541,4,602,0,1,1
1304152,0,5762.513208,5193.353144,89881.21686,2,602,0,1,1
2256073,0,3363.009259,2027.83085,65866.71246,4,602,0,1,1
3964444,1,3824.618421,7563.381007,66320.01394,6,603,0,1,1
4970769,1,3366.178871,4719.255783,55236.35115,5,603,0,1,1
7425321,1,2417.495389,6451.060665,61034.7163,6,603,0,1,1
8649445,1,5121.712973,8327.120725,95184.26195,6,603,0,1,1
4922734,1,2752.117415,4798.919493,50608.82719,5,603,0,1,1
2559477,4,3906.630457,16227.27569,56732.91535,1,603,1,1,1
7249263,0,6490.279779,7434.956541,97312.5528,2,603,0,1,1
3544034,1,6113.558619,8885.937572,93203.28267,6,603,0,1,1
1343245,5,2473.637175,20499.48439,66415.33298,4,603,1,1,1
1629547,0,3019.475375,446.3892355,44638.92355,3,603,0,1,1
4765074,2,6988.823909,16130.47326,108949.2876,5,603,0,1,1
8849531,0,2582.405695,1459.953649,39906.80807,2,604,0,1,1
5318403,0,4840.560546,746.9756314,63343.93002,5,604,0,1,1
8097159,1,2653.699417,5212.351275,48634.33793,6,604,0,1,1
6893696,0,905.2093892,918.1759316,13591.98801,3,604,0,1,1
3119485,1,6289.764043,8953.418466,82830.03704,4,604,0,1,1
7991219,1,3250.544928,9120.081344,69623.99715,6,604,0,1,1
3970405,0,5123.345558,2182.34165,82094.43382,7,604,0,1,1
1279600,1,3079.55134,4606.951938,54592.43358,7,605,0,1,1
6538976,5,5069.924765,27061.74485,87752.8963,4,605,1,1,1
7407944,2,803.3292165,2951.172952,19797.71795,5,605,0,1,1
8153374,0,5221.545193,3915.471226,78039.38546,5,605,0,1,1
1904567,4,5205.865838,19009.95955,96270.37492,6,605,1,1,1
5413704,4,3527.717443,14499.36506,68773.4951,8,605,0,1,1
6785922,2,3084.118189,8779.664531,59058.78042,3,606,0,1,1
2429834,3,5268.472872,17191.48776,84271.81285,4,606,0,1,1
2647463,0,2003.025343,1759.860588,41675.81956,5,606,0,1,1
1614863,0,4553.580228,942.5882575,94258.82575,5,606,0,1,1
2967504,0,2917.139643,628.5783169,55926.84659,9,606,0,1,1
2618670,0,5579.715349,1755.76098,83490.03355,3,606,0,1,1
5864535,4,4104.430298,14233.09362,63489.52438,5,606,1,1,1
8149516,5,3400.257025,18621.81243,60940.75652,4,606,1,1,1
6288882,2,3056.005959,8496.600307,76750.28031,8,606,0,1,1
7240623,5,4296.127286,22541.026,74379.07589,2,607,1,1,1
6551322,0,5204.224599,5528.201971,106426.3955,4,607,0,1,1
3112394,1,2837.829935,5097.639862,56393.90288,5,607,0,1,1
3076393,3,4921.612545,12795.9136,69407.04713,4,607,0,1,1
8604183,1,1212.720065,1970.855313,21997.69895,6,607,0,1,1
4906003,5,4615.493085,14784.73985,57558.67918,6,607,1,1,1
7859074,0,6213.438662,7180.073417,99021.1212,3,607,0,1,1
8019493,4,6385.692022,26030.90423,105021.1982,5,607,1,1,1
1326443,0,4917.211867,7313.751921,93533.48746,3,608,0,1,1
6044901,1,2446.097485,7183.995268,80567.92418,6,608,0,1,1
1632918,0,4122.726132,2099.926931,59034.43699,2,608,0,1,1
3152858,2,2073.519465,5622.623143,37701.97708,5,608,0,1,1
4756862,0,1598.115491,2106.924814,26071.77675,4,609,0,1,1
6670185,0,3960.814612,6746.168643,73469.25763,3,609,0,1,1
4587569,5,5716.666522,27814.21041,99917.64426,3,609,1,1,1
8116163,2,7008.707493,12878.21977,87471.63215,3,610,0,1,1
3866572,1,4408.32239,6702.412553,79268.2046,5,610,0,1,1
8466806,0,2788.659451,4281.230091,65894.18233,5,610,0,1,1
3659357,0,3964.219887,3297.161548,58981.56294,2,610,0,1,1
6493232,2,5822.266561,13502.01381,90031.00147,5,610,0,1,1
3944581,0,6497.219051,9015.379962,124317.1693,4,610,0,1,1
1821099,0,4436.199793,5565.214454,89702.8067,5,610,0,1,1
4658741,5,4441.486094,22838.88517,81900.15244,3,610,1,1,1
1113748,1,1888.053856,4179.967159,36004.06641,5,610,0,1,1
3937900,0,4288.289789,3218.942708,75866.45738,2,610,0,1,1
6410292,0,3691.985766,5641.919221,75507.14829,4,611,0,1,1
3989584,5,2807.725778,12167.17042,48109.16047,5,611,1,1,1
1729821,5,4611.226168,25172.40934,87306.38652,5,611,1,1,1
7965320,0,2166.350789,3560.775686,45460.54553,2,611,0,1,1
6717133,5,5781.08226,26382.09481,83838.47345,4,611,1,1,1
8215007,1,2786.896539,8267.909213,78945.05344,5,611,0,1,1
7111666,1,4101.085771,5664.011305,62273.8994,6,611,0,1,1
5120326,0,3854.431194,5235.235219,57172.19861,4,611,0,1,1
2135773,1,4371.119339,6693.943774,62842.60262,6,612,0,1,1
7606739,0,6103.99595,7128.579707,75475.10586,4,612,0,1,1
1348007,3,3773.332904,14320.53159,83328.64148,8,612,0,1,1
2636867,1,5983.539759,11542.17926,129228.4177,6,612,0,1,1
7713931,5,4477.721762,25525.87565,63190.6675,3,612,1,1,1
6714332,1,3179.923385,6909.539007,77842.18685,6,612,0,1,1
8636616,0,3128.706822,5915.588373,72866.19563,3,612,0,1,1
4216227,0,3051.852322,2795.389204,48208.86328,5,612,0,1,1
7121417,1,6232.857601,10213.23346,119196.5989,5,612,0,1,1
4885975,0,4766.648001,2501.730397,74356.88347,5,612,0,1,1
6328138,0,1628.224064,1178.728237,22945.51843,3,613,0,1,1
2555071,1,2399.105715,3020.662639,43648.06134,7,613,0,1,1
3252341,3,4201.989815,10714.60115,60911.00277,4,614,0,1,1
2131597,0,2868.8141,3721.045706,53912.14422,5,614,0,1,1
2165351,0,3214.882664,1999.123479,53423.72172,3,614,0,1,1
8214578,0,5047.954915,6863.730333,76614.1146,5,614,0,1,1
7702474,0,4045.61329,6505.040745,73112.19811,3,615,0,1,1
6456727,1,6353.325278,9134.351109,94175.46202,2,615,0,1,1
1617987,0,5465.042881,4614.327075,83454.52049,4,615,0,1,1
7602707,0,3712.750866,3748.47485,58773.4523,6,615,0,1,1
6649387,0,1791.898603,2484.332424,43474.80633,4,615,0,1,1
1628363,1,772.9706822,1988.146746,19082.80078,3,615,0,1,1
7189155,0,3938.353537,6425.128375,91317.79461,5,616,0,1,1
7500422,2,6263.446796,15525.82364,86388.75053,5,616,0,1,1
1348919,4,3446.644152,12229.78412,62655.46052,7,616,0,1,1
6725522,2,3069.352055,7425.056107,47690.51729,5,616,0,1,1
2436643,0,2909.447925,2713.013317,62340.39145,2,616,0,1,1
5235766,0,5146.314174,1891.198777,63033.78393,3,616,0,1,1
1987518,0,2822.345866,5725.358519,62015.85653,5,616,0,1,1
2843964,2,3792.94721,10852.61976,83154.7492,7,617,0,1,1
1657388,5,4447.696698,24687.95971,84766.94545,3,617,1,1,1
5449533,1,5654.793166,6422.752118,83433.35351,5,617,0,1,1
4872115,1,5915.749053,12308.85242,93839.00761,4,617,0,1,1
6530038,1,2640.865338,5928.048759,46331.28142,6,617,0,1,1
1690256,1,3515.827862,5230.565,51344.19587,5,617,0,1,1
1396795,0,4350.018032,4189.572668,65776.02075,5,618,0,1,1
6235806,5,3927.297363,22546.62628,84699.68913,4,618,1,1,1
8292696,3,1660.855366,10608.9555,51810.70305,6,618,0,1,1
3849392,0,6715.581206,3209.195208,104196.8362,2,618,0,1,1
5342322,3,5539.634242,12990.39432,76297.36814,5,618,0,1,1
7388400,5,1638.272823,9853.210742,31180.11516,2,618,1,1,1
2993046,0,3066.012991,4088.40891,62090.43416,3,619,0,1,1
1454794,0,4033.267836,674.501641,67450.1641,5,619,0,1,1
6034181,0,2279.782782,1014.875305,43275.25436,5,619,0,1,1
4270371,1,3677.210009,3805.643206,48662.14114,5,620,0,1,1
6789710,1,2313.344837,3211.670516,38124.95405,5,620,0,1,1
7557978,0,5427.445186,3769.746537,65451.67478,6,620,0,1,1
1455778,1,2918.616495,4933.121226,48214.00366,5,620,0,1,1
7844104,0,6027.724179,5806.646784,73077.46245,4,621,0,1,1
2664159,1,3133.947475,8395.364247,65640.61526,4,621,0,1,1
5795243,1,2622.036002,4797.102638,46297.72484,6,621,0,1,1
7151152,0,4202.057554,3536.52421,74667.18892,3,622,0,1,1
3993912,1,3810.786358,6940.170006,79225.04415,5,622,0,1,1
8711328,5,4926.741674,18943.13978,72136.00622,4,622,1,1,1
2309060,4,1703.316735,5331.418423,22888.78618,4,622,1,1,1
4268474,0,7089.332494,9363.888894,99101.05058,2,622,0,1,1
1869686,3,2134.55906,6982.246551,33955.82279,2,622,1,1,1
8050047,2,2437.191313,11424.01949,66951.35809,5,622,0,1,1
3755430,0,4522.117563,995.2418003,99524.18003,5,623,0,1,1
4052934,4,4984.262439,14618.63272,71013.847,6,623,1,1,1
4674324,0,5044.257132,4456.037028,71657.06866,4,623,0,1,1
2811271,2,4248.726967,10844.20633,64567.73811,3,623,0,1,1
3760445,0,5556.849636,6851.879057,81660.52375,4,624,0,1,1
8162735,5,4998.08028,32835.64698,101895.5204,3,624,1,1,1
1980000,1,1920.913361,5224.210359,51574.82545,5,624,0,1,1
6472993,3,2433.093807,7161.239983,39381.2015,3,624,1,1,1
2061413,0,2038.609652,2984.174167,42878.6052,6,625,0,1,1
2423397,0,5441.794678,5729.906545,92884.01014,3,625,0,1,1
2852293,2,6358.093287,16610.19224,95430.26906,5,626,0,2,1
3622154,1,5182.019559,12293.44695,112296.5169,5,626,0,2,1
5138863,1,6321.090467,8821.469102,84052.91329,3,626,0,2,1
5291335,2,6059.880611,12439.12657,92852.05008,9,626,0,2,1
5328237,2,3325.686655,13134.21962,86012.03221,4,626,0,2,1
6645706,1,3647.987402,4436.611986,61807.09221,6,626,0,2,1
4937023,0,2622.813792,2144.84666,51996.76784,4,626,0,2,1
4085765,0,5227.304902,2691.896355,69170.02023,4,626,0,2,1
6251297,0,6865.809701,11642.69376,109704.8414,1,626,0,2,1
1355916,2,4489.543515,12885.18901,77280.17826,3,626,0,2,1
5181774,0,5117.821054,5222.287336,95593.59697,6,626,0,2,1
5784127,1,4755.221685,7047.485527,80099.40332,5,626,0,2,1
8192699,5,5891.156178,25577.43285,90870.4711,5,626,1,2,1
2616205,1,4513.34276,6340.695367,83099.56165,5,626,0,2,1
4963164,3,3518.762182,13286.8404,66812.45997,5,627,0,2,1
4522930,5,2761.049506,16620.80342,52428.52206,4,627,1,2,1
8989969,5,4118.251907,19388.55381,72001.48849,3,627,1,2,1
8072278,5,3761.656352,18695.83928,66585.63071,3,627,1,2,1
4168771,0,6267.988685,5396.157444,88878.79936,3,627,0,2,1
1751297,1,4613.048542,9410.173343,86024.7943,7,627,0,2,1
4983282,2,2842.014206,8624.567648,64593.57229,4,627,0,2,1
1769864,5,8638.366979,32789.35274,111631.4497,4,627,1,2,1
3706367,0,5379.229292,7542.785637,104404.944,5,628,0,2,1
4733481,0,4073.509733,2605.016456,58722.57072,5,628,0,2,1
4752462,1,3730.344946,5811.598412,71981.97251,6,628,0,2,1
6891209,0,3136.403561,3087.738958,57318.21955,6,628,0,2,1
3291949,3,6596.195494,16086.9749,91952.22747,4,628,0,2,1
6006627,0,2382.222327,3570.585473,46863.03109,4,628,0,2,1
7122255,0,2274.747659,435.7796619,43577.96619,4,628,0,2,1
4452000,0,4451.550778,5836.672339,82252.29732,6,628,0,2,1
3602557,0,2306.059496,4283.30369,45747.76502,2,629,0,2,1
3064362,0,6489.225863,6295.76762,94982.47515,6,629,0,2,1
2027416,1,4672.306185,7903.834833,68149.60451,4,629,0,2,1
5161636,0,2264.648869,2138.377198,30248.31246,3,629,0,2,1
7484866,2,5656.270197,14242.22428,102428.3789,5,629,0,2,1
7692292,0,4232.818033,5699.713752,77013.16561,5,629,0,2,1
7829500,1,3732.742627,10979.37023,85517.84596,6,629,0,2,1
3348588,0,6929.397841,8605.913756,108411.9501,2,629,0,2,1
7590166,1,3900.251669,7899.511848,79331.86049,5,630,0,2,1
2712304,0,3979.447957,2279.802255,55406.21465,7,630,0,2,1
1001679,3,4860.480358,24789.66926,101253.6429,2,630,1,2,1
8954156,0,4021.312027,2750.879624,89424.25692,5,630,0,2,1
8005686,4,3124.798694,14791.12847,59611.90764,5,631,1,2,1
4174561,1,3150.989102,5471.957211,58937.60381,8,631,0,2,1
1882500,0,3972.967487,5135.038226,84874.38523,5,631,0,2,1
7096072,1,5713.466421,9572.714973,89956.31788,5,631,0,2,1
4700614,1,1345.827718,1768.826187,23448.32631,6,631,0,2,1
8768241,0,3048.242505,2320.84863,51686.57087,3,631,0,2,1
3666279,0,2141.99784,2516.832393,42500.5186,3,631,0,2,1
6603449,0,6769.018957,3353.974162,98358.51469,1,632,0,2,1
1291493,0,6096.021623,8473.325851,84117.11106,4,632,0,2,1
5851653,4,3100.809827,14054.89085,52521.44393,3,632,1,2,1
4682533,5,4651.635134,19416.22251,70205.36695,5,632,1,2,1
2233473,3,2701.12419,7795.494719,46788.83431,7,632,0,2,1
3632088,3,3592.64706,13832.80847,66806.85845,6,632,0,2,1
4240531,1,5466.033694,9941.901446,86554.77009,6,632,0,2,1
1706428,0,3144.366712,1743.9518,54596.80584,2,633,0,2,1
5741355,0,5656.088812,7006.064522,85489.36362,6,633,0,2,1
1961905,0,6383.282594,7598.675434,94776.64247,5,633,0,2,1
1083392,0,6547.709898,4572.87505,104214.0756,5,633,0,2,1
8352529,0,6283.730938,2867.416421,92429.01896,3,633,0,2,1
7375643,1,5217.629965,12082.03494,85653.39059,4,633,0,2,1
4616115,0,3618.870877,3473.04407,60165.43258,3,633,0,2,1
1904741,0,5686.291095,8971.045054,97407.54786,3,633,0,2,1
5504287,0,3408.374814,3132.067411,48558.71849,4,633,0,2,1
3200059,1,5953.803062,7774.540459,96148.93138,5,633,0,2,1
1638898,1,3707.461716,4634.160556,57597.45492,5,633,0,2,1
5116193,0,3679.240938,4848.834044,62593.59825,3,633,0,2,1
5659472,0,5241.05124,6831.49655,71128.03377,4,634,0,2,1
8596080,0,5192.785557,835.5300806,83553.00806,2,634,0,2,1
6889981,0,3517.154827,3036.347572,62988.14903,6,634,0,2,1
5001814,0,3575.01957,5101.294701,63226.38732,5,634,0,2,1
1030143,2,2785.562364,6000.632244,47328.74131,5,634,0,2,1
8958453,0,2565.721957,2019.699485,36455.53798,4,634,0,2,1
4182456,0,2492.606451,4228.410783,51304.71935,5,635,0,2,1
5627376,4,4524.685153,15769.59733,78829.16466,7,635,0,2,1
1777604,1,7086.340084,7276.118795,95181.33624,6,635,0,2,1
5915659,5,2743.573107,22578.37343,67055.73271,3,635,1,2,1
8802604,2,5592.023915,13509.33627,81980.57642,5,635,0,2,1
7683801,1,4166.890552,5684.134518,71725.94593,7,636,0,2,1
3752178,0,5388.820517,9325.880586,90322.41784,3,636,0,2,1
4267324,1,5876.816909,11012.78109,102082.148,6,636,0,2,1
6048680,2,3080.127733,7832.558514,55664.54023,7,636,0,2,1
7269476,0,3040.960977,4404.918315,47012.43037,2,636,0,2,1
1581185,0,3748.408787,5177.990608,61454.0597,3,636,0,2,1
4080181,3,4646.266068,13442.32491,60701.68951,2,636,1,2,1
4874526,4,5922.714647,20295.44187,95176.06352,4,636,1,2,1
2264619,5,4110.596342,15817.48591,59976.81892,3,636,1,2,1
7121852,1,4696.969743,7179.610269,67799.3713,5,636,0,2,1
1483377,0,2782.976666,4693.405651,61574.74352,5,636,0,2,1
7026356,1,5470.06369,10357.63606,98688.26823,5,636,0,2,1
4458023,1,2602.371704,5358.833175,53109.93483,7,637,0,2,1
5269776,0,4738.594387,6702.079563,94982.72693,3,637,0,2,1
1115451,0,5581.538234,3949.622698,94478.16604,5,637,0,2,1
5030357,5,572.6392463,2819.090225,9910.194554,4,637,1,2,1
5820678,0,1800.207678,296.5909171,29659.09171,4,637,0,2,1
6091483,3,5826.998331,12236.98904,80616.16666,5,637,0,2,1
4127457,5,4526.204583,18263.57037,68132.125,2,638,1,2,1
6964790,0,3839.597008,3233.801366,59631.42887,2,638,0,2,1
8108695,0,6664.900305,9376.893717,94852.07233,4,638,0,2,1
1852525,1,4799.604414,7321.171391,81534.51708,5,638,0,2,1
6562873,0,3369.099325,3477.305329,51756.93553,3,638,0,2,1
6830147,3,3155.402597,9880.034663,49030.86904,5,639,0,2,1
2719478,1,4092.350423,7401.668314,78884.26598,5,639,0,2,1
4699766,0,3078.947163,844.1472325,52368.42113,4,639,0,2,1
5433156,0,5405.945246,815.4583601,81545.83601,9,640,0,2,1
8821536,2,3243.638986,7395.987307,51176.49969,4,640,0,2,1
4679713,1,6405.33061,6035.871306,81302.83671,7,640,0,2,1
3959189,3,6509.66362,17402.34246,87221.75506,4,640,0,2,1
6282008,2,3736.312607,10222.41948,59826.47942,3,640,0,2,1
4730881,0,4608.751008,6346.09424,78172.59273,2,640,0,2,1
1344601,5,5359.113941,22886.82158,83477.58338,3,640,1,2,1
7892975,0,3041.2662,3628.841776,49445.67245,4,640,0,2,1
4697237,1,4267.109917,10125.65275,71693.76513,4,640,0,2,1
1946105,5,4224.542337,18858.28272,76975.03318,7,640,1,2,1
4135781,1,1703.32655,3746.370515,32696.80679,5,641,0,2,1
4974939,0,3182.855198,5625.584262,66305.75915,5,641,0,2,1
5096588,1,2267.137681,4199.813052,34491.6855,4,641,0,2,1
7824177,0,4608.020561,5933.316553,85860.15619,5,641,0,2,1
7648411,0,4970.615776,6453.297616,78572.68649,5,641,0,2,1
4765821,5,4993.661861,17091.06383,71136.19395,3,641,1,2,1
3938226,2,4796.495519,12871.93661,67454.52409,2,641,0,2,1
2350873,2,1443.092704,2873.832659,20833.32883,4,641,0,2,1
2289318,0,2212.887987,610.7649879,42642.15937,4,642,0,2,2
7787477,0,4911.323807,6452.905939,72112.66078,4,642,0,2,2
2431885,0,2808.36336,633.7052285,59887.20754,4,642,0,2,2
4130680,0,2819.014625,3347.854872,37938.09704,0,642,0,2,2
3546474,0,4218.360427,2016.241753,58664.30727,3,642,0,2,2
1925180,5,3953.622655,16652.62854,56219.61162,3,642,1,2,2
6416904,1,2339.616825,4074.365765,54017.84712,8,642,0,2,2
3735509,3,5043.896491,14816.74108,83481.06361,5,643,0,2,2
8059228,0,3357.69149,1231.339036,66021.32306,5,643,0,2,2
5184936,1,2932.977363,4191.752164,53019.21948,6,643,0,2,2
1768789,1,4680.049525,7826.354201,73118.85025,5,643,0,2,2
6528734,0,1513.430554,2244.788712,23559.2695,4,643,0,2,2
7081861,0,4329.293955,7982.662873,91271.38004,2,644,0,2,2
3055212,1,7342.278852,8797.452121,79446.25646,3,644,0,2,2
7997832,1,4349.851362,8250.744791,76849.23714,6,644,0,2,2
1089094,0,3281.568882,6447.096241,63042.43756,3,644,0,2,2
7478819,1,2806.519326,4795.388109,45226.34842,5,644,0,2,2
6927592,0,4605.589879,5803.634243,69345.89741,4,644,0,2,2
3116295,5,4924.18635,19222.27301,68772.97856,2,644,1,2,2
1768086,1,5309.776791,8252.825809,68931.36956,5,645,0,2,2
1022832,1,2325.963459,4494.166786,46550.34352,6,645,0,2,2
6330984,1,4714.157754,6423.22367,67377.06391,4,645,0,2,2
2615934,0,2685.920597,638.3436055,39388.18333,8,645,0,2,2
6990394,0,3245.900545,5009.467425,67426.65003,6,645,0,2,2
1048623,0,4774.75626,4469.535616,77772.30174,6,645,0,2,2
7210089,1,3663.333372,5823.401991,61545.74382,4,645,0,2,2
7285064,1,3459.988698,5361.699369,59771.98294,6,645,0,2,2
7162567,3,9030.229021,22715.19138,109982.5466,4,645,0,2,2
2723991,3,5617.648156,19339.38234,93183.10653,4,645,0,2,2
3122757,1,5318.358155,6846.42862,90137.15643,5,645,0,2,2
3868035,1,5324.313654,11119.71719,112420.3861,6,645,0,2,2
1126833,1,3891.411867,8388.549944,74948.19915,6,646,0,2,2
5332721,0,3536.643049,5565.715227,74093.44252,3,646,0,2,2
7101821,0,3701.529835,3517.488543,108757.5181,6,646,0,2,2
3118724,1,6254.294876,11407.09564,90949.14318,3,646,0,2,2
8611523,0,5254.604098,6562.414202,78624.77265,5,647,0,2,2
2002306,1,3540.978956,6556.102976,62409.91709,6,647,0,2,2
4451280,5,7280.118265,25469.08236,84578.50142,5,647,1,2,2
3229628,0,4618.442648,2520.068873,66941.65827,3,647,0,2,2
3595597,1,3769.898635,11005.09841,94156.84773,5,647,0,2,2
4981459,0,5457.58848,8720.692128,88109.89895,4,647,0,2,2
6471692,0,1820.797385,3193.597105,42945.18409,6,647,0,2,2
6864481,0,3278.505192,4650.685435,64489.68835,5,648,0,2,2
4610896,2,4152.718805,14361.89384,82209.465,3,648,0,2,2
1335117,1,3949.704843,9605.213264,85565.77455,5,648,0,2,2
7177425,1,6027.265364,6525.461442,94330.95733,7,648,0,2,2
6809367,4,5759.938932,22075.14038,82613.51713,3,648,1,2,2
1006053,1,4074.087343,6280.7637,59854.96324,4,648,0,2,2
3991729,0,1798.781031,1125.853784,30965.75281,6,648,0,2,2
6332299,1,4398.576478,6714.730514,83671.8772,6,649,0,2,2
8419252,0,2322.380465,2440.027074,38492.15745,4,649,0,2,2
7964164,3,1838.417197,9226.523255,40724.00693,5,649,0,2,2
3611286,0,4110.704846,3694.286204,60717.99748,3,649,0,2,2
7422107,0,5294.074258,10268.41534,96096.50698,3,650,0,2,2
7863317,0,2407.832733,3965.907967,41116.64213,4,650,0,2,2
4408488,4,4250.229531,11937.99899,61705.29339,8,650,0,2,2
1514591,2,4621.718516,11265.77495,101918.5269,8,650,0,2,2
8082310,0,2373.377674,4941.455758,51926.4673,3,651,0,2,2
2439936,1,3059.403398,4712.521752,49173.91313,5,651,0,2,2
4791554,2,4453.644438,9579.544147,90911.96141,6,651,0,2,2
7636397,1,4410.02249,8753.394822,81615.07161,6,651,0,2,2
3006063,0,4299.489795,4574.1156,109108.6845,7,651,0,2,2
1770145,0,2290.148099,395.8584593,39585.84593,2,651,0,2,2
7945285,0,1834.414296,1585.684165,32694.06961,8,651,0,2,2
3063966,4,4881.630077,19837.04438,82526.13401,5,652,1,2,2
2878530,0,3270.453879,570.8356554,57083.56554,5,652,0,2,2
4007276,0,4428.731632,1871.354794,78621.65929,4,652,0,2,2
3514390,0,4393.70835,2891.27095,50820.03378,5,652,0,2,2
7105829,0,5408.299427,10396.21711,104201.4646,3,652,0,2,2
3819169,0,3593.848813,648.4536847,64845.36847,5,653,0,2,2
2882473,1,3445.65807,4603.413081,57432.49036,5,653,0,2,2
7583358,1,4442.595893,5781.417232,76842.99478,7,653,0,2,2
5344900,0,5340.757819,8525.185924,103051.0367,2,653,0,2,2
4736083,0,4449.327537,5560.382444,79263.3724,3,653,0,2,2
6093138,0,2042.493602,3838.508156,38660.3946,2,654,0,2,2
7063915,4,3458.749444,14073.71459,59935.28961,7,654,0,2,2
5243213,0,3877.815839,7412.771296,80568.18389,4,655,0,3,2
6910211,1,1931.179431,4534.401806,40142.23533,5,655,0,3,2
6747106,0,3702.538282,2408.572436,75499.27123,5,655,0,3,2
5136010,0,6862.67927,7079.410363,99700.10233,3,655,0,3,2
2463684,1,4299.363828,4845.19607,51631.08241,6,655,0,3,2
7427998,1,2383.024193,3896.092048,44507.78601,5,655,0,3,2
1713636,0,5605.337069,6598.432026,93191.4778,6,656,0,3,2
3148078,0,4341.16807,4573.047082,66879.17116,4,656,0,3,2
6163884,1,3692.192911,6227.510502,64364.64003,7,656,0,3,2
8801271,5,1161.622575,4358.676331,15679.04216,3,656,1,3,2
4500354,2,4241.954095,12817.87288,81565.23724,4,656,0,3,2
3124263,1,3920.750509,6148.309852,65890.53226,5,656,0,3,2
5557443,0,3294.758388,1939.218362,62843.21378,5,656,0,3,2
7517038,2,2042.535985,5779.605547,36313.79378,6,657,0,3,2
7314559,1,3173.914292,4546.234225,47484.2021,6,657,0,3,2
5689764,0,4464.454642,6210.64164,73486.70488,5,657,0,3,2
6031983,0,2997.795722,4943.259252,53606.80963,3,657,0,3,2
6238176,1,4751.479803,6860.502634,64591.80832,6,657,0,3,2
7021959,4,2000.753397,9528.07391,32804.90737,1,658,1,3,2
6314026,1,5387.692424,8408.482367,77271.27691,5,658,0,3,2
2984857,1,3952.473928,6343.400712,59074.02928,7,658,0,3,2
2786846,1,3498.809573,10755.79258,86462.77035,5,658,0,3,2
8219678,5,4520.026998,17118.68836,68502.57881,5,658,1,3,2
4187099,0,3846.065026,1947.650491,48381.44214,5,658,0,3,2
8591326,1,4584.499666,6400.630821,84516.51076,5,658,0,3,2
8356382,1,2907.208766,9376.535648,75760.71573,5,659,0,3,2
7263525,0,3818.930678,3461.125547,62548.15822,5,659,0,3,2
1118848,2,6149.398454,16834.85218,100334.7139,3,659,0,3,2
7506533,5,7516.613946,34431.28513,110858.505,3,659,1,3,2
7125810,0,3551.594434,526.7550035,52675.50035,5,660,0,3,2
7132101,2,3258.244538,6927.117693,53139.7912,7,660,0,3,2
3932103,1,5328.079615,5954.959372,81099.22742,7,661,0,3,2
6890222,1,4121.563493,5538.913241,63445.30515,6,661,0,3,2
7056055,0,4035.226261,4648.105394,61502.38967,6,662,0,3,2
8544432,0,5291.484161,846.7774634,84677.74634,3,662,0,3,2
8211873,0,7296.431317,5902.421146,93198.26737,4,662,0,3,2
3068840,0,5259.363393,885.0746882,88507.46882,5,662,0,3,2
8582355,2,5020.632179,8967.049059,74044.40332,8,662,0,3,2
2483066,1,1645.741726,3344.06227,37660.8669,7,663,0,3,2
8312844,4,8355.754168,25792.80715,123845.7597,7,663,0,3,2
5900235,1,3945.033115,6321.130803,59620.19667,5,663,0,3,2
8706571,1,2093.452909,7905.198353,69629.7104,5,663,0,3,2
4336999,1,5010.449435,6911.100617,96516.50602,6,663,0,3,2
5553457,2,2535.391635,10543.71829,81730.81262,6,663,0,3,2
1635632,1,3192.885915,8889.676749,77066.94195,5,663,0,3,2
5077610,5,4469.086873,23735.80778,77472.29941,1,663,1,3,2
1672736,0,3644.644702,7196.32879,77760.64898,3,663,0,3,2
2512418,4,3167.933042,11269.54487,53739.73516,7,663,0,3,2
1133238,2,2813.944653,5824.513683,53567.58951,5,663,0,3,2
6163905,0,1498.439318,1755.967209,26611.80735,5,664,0,3,2
1746209,0,2349.454669,2420.467684,45135.42081,3,664,0,3,2
1453237,0,4246.836448,3497.960124,67972.00956,5,664,0,3,2
4636709,0,1549.688808,1558.003946,27049.57468,6,665,0,3,2
1547099,1,5788.301186,6843.221951,81425.05195,4,665,0,3,2
5736580,5,4655.037497,17805.15733,61878.03605,4,665,1,3,2
8687585,0,2765.778465,527.7308016,52773.08016,2,665,0,3,2
2638135,0,5020.13405,3107.615511,75516.35329,6,665,0,3,2
4884959,2,4265.324672,10992.81977,70174.59124,5,665,0,3,2
7069015,0,6935.374223,6869.651496,85766.38099,5,665,0,3,2
1810103,1,4379.556894,6895.11199,66764.16367,6,666,0,3,2
1733052,1,4337.311569,9675.510153,86091.09183,4,666,0,3,2
4275054,5,7214.170283,28453.47137,89551.36528,4,666,1,3,2
4476824,3,1819.235384,5737.835264,29890.7026,4,666,0,3,2
4336859,1,6153.012943,9061.335288,96849.38005,6,666,0,3,2
6490869,1,4632.523416,6998.099411,83267.6424,7,666,0,3,2
8753437,0,3258.508608,3982.097842,72023.81125,2,667,0,3,2
2723215,2,3477.433899,8389.081942,70760.64317,8,667,0,3,2
6665216,1,4009.047569,7732.618698,90525.96665,6,667,0,3,2
6928881,1,5223.989125,7286.720638,80991.62193,5,667,0,3,2
6785073,0,2562.279108,653.5570065,44781.03541,5,667,0,3,2
7329618,1,1639.238165,3381.888346,40093.68777,4,668,0,3,2
6037431,3,5527.944216,14795.18286,78210.76357,4,668,0,3,2
2983789,0,3816.474544,5289.934544,64552.47359,5,668,0,3,2
8612842,1,4557.964612,7105.824997,77754.04645,6,668,0,3,2
5973127,0,3463.680585,4810.319858,51148.80896,3,669,0,3,2
4025637,1,2805.05126,3724.196272,40083.21537,7,669,0,3,2
8935419,2,2228.164899,7430.4677,61714.77493,8,669,0,3,2
2315454,1,5005.591589,11746.84563,94545.30593,3,669,0,3,2
5369590,0,3885.381657,6371.889573,61724.55755,2,669,0,3,2
4415763,0,2863.629712,2979.892352,49107.01107,2,669,0,3,2
7814104,0,2130.744776,2260.426609,40854.25593,3,669,0,3,2
5040093,0,4043.222083,6417.847757,77099.30733,5,669,0,3,2
6631077,1,4034.187023,8448.723568,75177.19529,6,669,0,3,2
8552887,1,5288.426456,5237.528081,83910.92987,6,670,0,3,2
3126294,1,3645.791616,8130.51615,65975.73574,3,670,0,3,2
8203165,0,3834.651319,4786.764461,66277.55024,5,670,0,3,2
5759214,0,2743.946939,4865.811368,56375.54912,5,670,0,3,2
6240198,1,3070.870575,5748.276577,52928.11426,6,670,0,3,2
4473386,0,1900.986419,3847.513701,41253.23552,4,670,0,3,2
3767024,1,4690.259343,4817.340264,63741.79963,5,671,0,3,2
7719132,1,3880.385905,7070.411073,55351.14881,3,671,0,3,2
2293998,2,5164.430161,6421.567001,74164.90788,7,671,0,3,2
5245050,2,4235.059487,7425.92885,69351.66736,7,671,0,3,2
3194189,1,4455.630481,8261.398433,83089.12888,7,671,0,3,2
1773897,2,10467.73206,20825.28486,130912.3875,5,671,0,3,2
2254219,0,4480.301345,7388.165976,83998.12004,3,671,0,3,2
7772698,1,3814.162931,6141.232793,67450.1106,5,672,0,3,2
5918490,0,2775.333229,4337.521174,56307.00135,3,672,0,3,2
7705484,0,2149.0705,1594.604164,41471.13448,5,672,0,3,2
4096201,3,3477.427531,11703.17663,56829.66987,3,672,1,3,2
8799516,1,2804.424887,6449.833246,57488.17344,6,672,0,3,2
5183117,0,5018.65874,6452.636268,101785.6326,4,672,0,3,2
7212875,2,7757.389118,13847.32655,105325.469,6,673,0,3,2
1956249,1,4700.020142,10814.3641,77971.5982,2,673,0,3,2
3842204,5,3303.413563,14081.08903,54065.82427,3,673,1,3,2
6177484,1,5443.326277,8160.991052,77236.29317,5,673,0,3,2
8919556,1,3379.990953,4498.1144,55641.25311,6,673,0,3,2
4529904,0,2979.485594,5964.402963,60680.19975,4,673,0,3,2
3112168,0,3292.724419,6154.7234,63544.7566,4,673,0,3,2
2890174,2,3930.164656,10494.7323,70970.15464,6,674,0,3,2
4289123,1,3057.966392,6122.499682,65420.05402,5,674,0,3,2
6652713,0,5254.585205,4235.009482,78727.73528,6,674,0,3,2
4627267,4,2612.715711,10972.46661,51088.05689,5,674,1,3,2
4122255,0,3630.747625,2951.362789,54833.11105,5,674,0,3,2
8952882,0,3736.527292,7864.746186,107143.5736,7,674,0,3,2
4074480,1,2503.071141,3989.566811,35775.83173,6,674,0,3,2
3395789,0,2938.325123,1918.404472,53497.37754,4,676,0,3,2
2815777,3,4149.558504,12611.42901,68989.27516,4,676,0,3,2
1824322,0,4795.717975,7512.313541,73335.88904,2,676,0,3,2
8093755,2,4729.811641,16019.88834,86437.04162,2,676,0,3,2
6403706,0,4516.391458,5726.787375,55730.27928,3,676,0,3,2
4754857,1,5138.918794,11566.29898,101268.5826,5,677,0,3,2
3676250,3,4468.959274,13508.68033,65255.75254,4,677,0,3,2
1825960,1,5327.604447,9376.962819,93732.78503,6,677,0,3,2
1794775,0,7369.566361,6008.982041,100454.8152,4,677,0,3,2
3215472,0,3924.027779,1269.6574,50712.61537,1,677,0,3,2
5688804,1,4207.163534,5045.09356,55279.12395,6,678,0,3,2
8027560,0,3966.069174,1655.512036,63995.26829,4,678,0,3,2
2007934,0,1766.099016,584.4968544,29518.52333,4,678,0,3,2
5752604,1,3856.267196,6849.696,57441.43379,5,678,0,3,2
5894347,2,3688.934763,8472.725133,60837.93048,6,678,0,3,2
4189740,0,3044.904784,3363.476754,65567.24807,6,678,0,3,2
7586510,0,6679.103143,3956.076166,86598.94627,6,678,0,3,2
2747479,1,6315.462883,6688.223688,97586.90296,7,679,0,3,2
2338819,0,4945.33944,2570.333551,85901.95454,3,679,0,3,2
6317368,0,4374.413313,602.3545842,60235.45842,2,679,0,3,2
4082667,1,5423.052824,8877.120773,85940.35861,5,679,0,3,2
6005346,1,5554.44596,10000.13767,80431.5035,3,679,0,3,2
7295548,0,3329.072964,4028.800665,50890.81629,2,679,0,3,2
4144487,0,4392.816559,5063.187358,55462.63115,4,679,0,3,2
5423923,1,3606.145796,6250.846741,60756.29889,5,679,0,3,2
4788945,2,4865.847316,15238.16133,93768.87711,6,680,0,3,2
6415679,0,4098.466738,7146.765261,64838.94734,2,680,0,3,2
7251499,0,3125.744929,5527.530353,88913.64545,6,680,0,3,2
7601619,2,2811.6117,9109.13079,62766.96655,8,680,0,3,2
5123106,4,4197.826085,21487.05556,87887.06095,6,680,1,3,2
2021963,0,2531.447219,4757.480327,49892.87125,4,680,0,3,2
5953991,2,1559.787581,4601.123932,25489.21675,3,680,0,3,2
8049425,3,2945.770917,9860.508324,49793.92804,3,680,0,3,2
1072598,0,4674.442845,6882.444352,76561.87119,4,681,0,3,2
1788259,0,2636.574654,5143.685905,63562.34194,3,681,0,3,2
5746142,1,6425.52202,9610.401872,89511.87532,4,681,0,3,2
1569612,1,3257.432198,5342.562077,72206.79861,7,682,0,3,2
5976325,0,3494.585538,5019.361403,74639.60108,3,682,0,3,2
7617481,0,3796.11828,5896.570324,77839.42879,4,682,0,3,2
8787428,1,3527.931083,5572.170081,80548.41407,7,682,0,3,2
6951188,5,1035.472592,5006.408902,15296.00237,5,682,1,3,2
8276852,1,4296.215583,5780.116157,62329.28809,5,682,0,3,2
7579723,4,3889.452505,14572.86442,58593.22685,2,682,1,3,2
1436334,0,5444.719522,6443.983359,72190.37068,4,683,0,3,2
2048484,1,6482.911619,8807.117778,100449.9973,6,683,0,3,2
2417390,3,5310.705054,15551.68156,89817.64567,3,683,0,3,2
8873003,0,3815.773053,4200.687468,58757.99978,2,683,0,3,2
3964026,0,6631.715979,8289.561229,103171.7885,3,683,0,3,2
8914418,2,2732.518382,7116.652897,43173.22266,4,683,0,3,2
8681980,1,4018.074746,5967.563042,61029.69369,5,683,0,3,2
5251394,5,5631.369284,27648.96236,89901.35895,3,683,1,3,2
4476939,1,5256.325425,8232.284775,85040.61314,7,684,0,3,2
5434532,2,3236.483811,7635.657613,50220.6592,4,684,0,3,2
8584572,2,3850.363446,11226.8107,72591.03982,6,684,0,3,2
7946965,0,4613.290613,1555.766149,64583.98545,5,684,0,3,2
5219766,1,6605.685327,13085.73352,84427.7947,3,684,0,3,2
2721623,0,3175.865888,3578.399513,48466.67143,4,685,0,3,2
3879675,3,2722.706729,8732.939038,48632.57113,7,685,0,3,2
3357892,1,2762.785258,4325.307754,53055.63541,7,685,0,3,2
6864676,0,2838.70453,4971.699812,56834.29648,4,685,0,3,2
5503645,1,2706.329226,5249.770841,40923.97459,5,686,0,3,2
4511773,0,5295.409696,7681.703656,69913.65807,2,686,0,3,2
8038807,1,6344.103973,7070.706589,76047.41915,5,686,0,3,2
4981578,4,1676.725984,7647.5926,33732.56011,4,686,1,3,2
6557988,5,6465.619257,25788.52416,86209.90661,4,686,1,3,2
8944922,1,2054.826873,5131.310196,42449.02867,6,687,0,3,2
4675595,2,3670.92571,9596.22646,75718.62338,8,687,0,3,2
1760607,0,3157.845091,2359.788951,49538.62055,4,687,0,3,2
5790604,1,3849.076893,5591.260511,58965.82907,5,687,0,3,2
6404009,1,4694.854076,12583.94698,93630.63009,3,687,0,3,2
5593974,0,4084.190132,1954.807927,71765.78224,4,687,0,3,2
4979535,1,3660.536151,8793.596901,90164.41756,6,687,0,3,2
4921889,1,3560.425921,5957.173404,52426.93632,5,688,0,3,2
7715955,1,4686.171327,6981.038364,66798.16522,5,688,0,3,2
5639634,1,3380.622889,7034.438654,75614.94765,5,688,0,3,2
8851564,1,2374.711474,5883.174263,49089.15969,5,689,0,3,2
6242167,1,2671.691153,3492.742678,40899.95096,6,689,0,3,2
7783843,0,5684.378072,5551.311023,87597.22995,3,689,0,3,2
5858977,0,5257.695382,5271.987307,82016.17349,6,689,0,3,2
4657503,0,3296.807754,3882.950911,58194.52692,4,689,0,3,2
2029268,3,3863.852163,11238.45086,60540.14586,5,689,0,3,2
6757594,0,2554.192452,2032.891786,62794.4263,4,689,0,3,2
7365670,3,2673.54163,7233.006733,46791.58228,7,689,0,3,2
8358006,0,1523.754472,2309.054207,32210.11786,5,690,0,4,2
2158294,1,2492.888156,4850.735659,62148.53463,7,690,0,4,2
1879770,0,3096.415319,2414.259504,42923.27529,3,690,0,4,2
2267962,0,5582.195183,3134.855259,91817.24019,2,690,0,4,2
5870866,1,5501.419044,8046.621218,80624.09593,6,691,0,4,2
4994481,1,6288.85966,8659.953799,87570.08513,4,691,0,4,2
7810742,1,4541.892505,9326.234685,81752.33518,7,692,0,4,4
2325952,4,7257.145233,33846.5435,121346.0514,0,692,1,4,4
3238472,5,4604.738825,24614.66577,78697.94413,5,692,1,4,4
1799300,5,6095.956446,24476.58586,82658.87095,1,692,1,4,4
5785982,0,3123.551351,2848.412825,49141.7287,6,692,0,4,4
8434792,1,3981.806767,8752.408769,80851.39903,5,692,0,4,4
2877561,0,3184.872696,3969.38643,43069.59111,2,692,0,4,4
4294684,0,4694.615787,4860.423871,74006.95216,4,693,0,4,4
4418770,2,4629.349219,9963.382976,83891.64859,8,693,0,4,4
5794193,0,2157.762442,2790.476569,46236.74592,5,693,0,4,4
7987506,2,3941.702572,9223.90984,67277.84361,6,693,0,4,4
1276156,1,3106.504103,4310.415509,59047.70868,7,693,0,4,4
8603652,2,2595.883292,6409.300041,43837.2185,5,693,0,4,4
1473500,2,2886.299266,8551.678397,72421.27727,8,693,0,4,4
1494038,0,5754.654029,7767.055886,94389.14845,4,693,0,4,4
8882833,0,3969.112121,4457.041095,85249.99747,7,694,0,4,4
6894544,0,2857.504441,4060.096054,45065.01727,4,694,0,4,4
5215298,3,4502.175373,11814.13656,66521.63774,5,694,0,4,4
4795685,1,2233.040504,5462.21697,49571.76917,6,694,0,4,4
2162750,2,3258.207788,8555.655414,57319.82347,6,695,0,4,4
3410829,1,4321.062798,9691.478715,80291.2004,6,695,0,4,4
3210736,0,5867.845011,5946.255478,97867.66959,4,695,0,4,4
3763070,1,5614.370388,9912.01529,108236.0125,4,695,0,4,4
3830278,5,5767.993379,28883.24516,94812.85348,3,695,1,4,4
4894594,0,4119.77832,5600.84323,72583.89993,5,695,0,4,4
3940405,1,5103.454463,6494.28236,70119.71569,4,696,0,4,4
3674432,1,4046.886347,8056.459594,67156.01152,5,696,0,4,4
3385276,1,3388.572823,7238.30245,57676.52227,5,696,0,4,4
5451200,2,4929.427201,10002.59086,65532.66639,4,697,0,4,4
7431518,1,2884.87081,3317.616697,49870.52536,7,697,0,4,4
7890012,1,5207.648647,8965.955823,87991.7105,5,697,0,4,4
3113458,0,5679.216089,4913.049765,76112.71618,3,697,0,4,4
8127530,0,3003.766079,4053.095356,39932.25513,3,697,0,4,4
1935628,1,4505.396939,6016.389329,75613.06858,7,697,0,4,4
4661159,0,5376.886873,7189.121298,85529.84591,2,697,0,4,4
5423738,1,5697.61176,9131.977778,81124.04055,4,698,0,4,4
5189718,1,3820.854472,10532.26156,83324.37283,5,698,0,4,4
3039045,2,5330.784282,12301.37925,93826.55424,6,699,0,4,4
1228769,0,2877.12935,505.7112592,50571.12592,4,699,0,4,4
1043679,0,6702.56419,883.9831489,88398.31489,4,699,0,4,4
1987614,0,2430.076983,442.7196846,44271.96846,4,699,0,4,4
8926250,5,5147.240256,24172.04657,80263.5013,5,699,1,4,4
4690144,0,3869.97529,1868.208228,71394.55475,5,699,0,4,4
5314521,1,4546.658146,9184.921934,78897.65907,5,701,0,4,4
5457262,5,4914.799695,21776.72586,71220.38107,3,701,1,4,4
1994622,0,2400.011482,2940.287718,41179.41264,3,702,0,4,4
2005259,1,1706.883825,2366.304151,25740.91964,7,702,0,4,4
1444612,0,2813.780246,1909.867606,47804.87496,6,702,0,4,4
5081277,0,4691.827014,6200.265218,82738.61793,5,702,0,4,4
1241331,0,2934.815804,2291.606183,39646.95724,4,703,0,4,4
1865989,2,4185.940753,8737.352347,66616.42799,6,704,0,4,4
7680070,2,1606.113591,4340.230513,37160.30162,8,704,0,4,4
7583003,0,4108.411025,6109.221156,68403.83758,4,705,0,4,4
7648999,1,7155.699053,13692.1471,102299.3996,2,705,0,4,4
7243343,0,5748.910404,6766.809804,89473.10476,4,705,0,4,4
6855647,1,5050.121922,9127.972294,97129.87374,6,705,0,4,4
7292203,1,4886.730788,7649.382693,75538.45113,5,706,0,4,4
1899325,0,4224.620829,3210.856377,87341.92211,5,706,0,4,4
1333173,1,5582.363567,12095.47957,103419.2758,3,706,0,4,4
5585914,1,6155.017536,7391.485243,76533.94942,5,706,0,4,4
3252127,0,3372.376095,3405.489888,55026.27562,3,706,0,4,4
8657174,0,3037.025908,6130.814575,62324.67423,2,707,0,4,4
6476884,2,5148.747272,11762.49848,68746.33033,4,708,0,4,4
1520115,3,2083.689551,5628.897462,37749.53899,7,708,0,4,4
3467139,0,1875.113047,2365.397903,29565.60654,2,708,0,4,4
8380627,1,5137.219376,8042.606207,79741.33151,6,709,0,4,4
4624381,0,4262.764327,6651.147311,72306.77395,3,709,0,4,4
1399937,4,3519.052842,13950.50719,65971.38016,6,709,0,4,4
5606201,0,2869.296274,4440.416974,53726.66419,4,709,0,4,4
6043209,1,3214.507783,8410.327087,82139.09878,4,710,0,4,4
7513697,0,3290.896426,5657.631026,73486.18279,5,710,0,4,4
7864664,3,2182.178009,4894.594946,40313.81669,10,710,0,4,4
2136532,0,3312.712812,2932.9688,59845.70049,5,710,0,4,4
3465582,0,3480.248736,5225.467493,54702.68846,4,710,0,4,4
3115555,1,4342.551197,7797.452347,70008.54597,5,711,0,4,4
4171785,1,6132.273139,11441.89538,87718.39444,5,711,0,4,4
3515872,2,4093.270866,8324.289349,71653.57726,7,711,0,4,4
6039380,2,3435.113269,9776.389327,73255.14934,8,711,0,4,4
6383101,1,4110.069891,4137.760699,59412.10933,6,712,0,4,4
2496106,1,3590.214718,7425.52945,58614.59262,6,712,0,4,4
8132539,1,5691.22372,13366.63003,93804.78412,5,712,0,4,4
2599380,0,6655.690187,1111.666854,95756.59573,3,713,0,4,4
5449669,1,2875.904756,5709.994486,46523.24506,7,713,0,4,4
6066255,1,2649.854241,5934.905567,58380.85884,5,713,0,4,4
7334762,2,6770.432791,13568.45132,94397.20899,5,713,0,4,4
5500737,1,3510.142872,7349.394959,69901.07748,5,713,0,4,4
7992322,5,2109.723734,11299.77189,41919.88978,5,713,1,4,4
6976720,0,2891.522649,3034.602487,44285.94639,6,714,0,4,4
2437702,1,5720.344503,10217.00208,89321.99075,6,715,0,4,4
7337338,2,2420.921903,4096.213675,40491.83663,7,716,0,4,4
5042679,4,6560.957333,23233.35643,103721.6351,5,717,1,4,4
4916162,1,5315.399029,12105.95241,116033.6859,5,718,0,4,4
8115161,0,5079.377681,3779.388782,71510.91495,5,718,0,4,4
7765941,1,3206.648306,9050.784281,66930.42044,6,718,0,4,4
7165720,3,5307.19492,13695.55029,85074.90664,7,718,0,4,4
5280527,1,3796.335349,5559.972562,73936.51902,6,718,0,4,4
8759358,2,4784.129283,9097.04171,75518.82694,7,718,0,4,4
8576157,0,3612.747893,5915.341718,60362.6438,3,718,0,4,4
6071082,1,3399.529455,6686.197074,67981.82167,4,718,0,4,4
1208264,1,3921.39497,7101.469091,64138.13594,5,719,0,4,4
5385503,1,2737.156028,4354.625035,54485.62362,6,719,0,4,4
1474772,0,3327.507213,3768.885184,61791.67457,6,719,0,4,4
2306791,0,4069.066702,2222.133458,79856.59991,3,720,0,4,4
2593152,1,6114.066639,10454.60074,90441.83333,5,720,0,4,4
8010926,0,6148.494512,843.3674406,84336.74406,5,720,0,4,4
4199964,0,1547.829074,3339.495499,47283.32081,5,721,0,4,4
1852648,1,5263.523355,7133.498967,88453.09226,5,721,0,4,4
1069228,0,3815.899042,3672.601881,53549.49228,3,721,0,4,4
8291909,1,3634.057471,7085.980095,68691.57707,6,722,0,4,4
1477889,2,3310.630104,8614.858685,65805.16814,7,722,0,4,4
7047567,2,2789.584509,11398.67272,68438.05762,6,723,0,4,4
5468259,3,3195.741444,10706.73465,55958.31071,3,724,0,4,4
5500676,0,4539.190184,6126.144466,86518.54294,4,724,0,4,4
3691430,0,6374.746807,6432.321109,85710.76384,3,724,0,4,4
8487754,0,5891.878065,9731.03779,98164.81132,3,724,0,4,4
4917011,4,2645.091371,13875.66269,66889.76759,7,724,0,4,4
7362864,2,2937.878102,5093.558864,57894.37634,8,724,0,4,4
2864463,0,3011.054165,5148.790769,66427.91987,5,724,0,4,4
8099678,2,3973.657805,9369.089493,63687.96336,5,725,0,4,4
3767720,0,3917.199947,5054.291033,77906.62627,8,725,0,4,4
8301445,1,4380.282081,7210.509415,81805.58229,6,726,0,4,4
7132330,2,4203.454063,8104.299218,66231.68598,8,726,0,4,4
4205161,1,8087.428082,10684.59426,106782.9886,7,726,0,4,4
2198093,2,5695.754582,11930.56192,97683.38534,6,726,0,4,4
4039149,2,4199.164596,9607.021343,62160.28338,6,726,0,4,4
2970684,1,5249.844325,10179.09208,92144.15847,5,727,0,4,4
2820579,0,4636.96549,3434.598449,75234.05487,3,727,0,4,4
4841253,1,4407.471929,8331.603288,54527.70813,3,727,0,4,4
2044719,5,2609.55343,12031.06091,41105.84434,5,728,1,4,4
5223337,1,406.2603899,859.2965025,8708.97573,5,730,0,4,4
2440434,2,4211.644124,8643.382528,69078.4778,7,730,0,4,4
2725587,0,4666.030644,2868.036196,68800.0631,5,731,0,4,4
7918960,1,4159.646013,8371.94884,74425.29795,4,732,0,4,4
5119030,0,2969.636484,3474.775282,40379.44864,3,732,0,4,4
3302386,0,3518.219042,4323.234824,80353.98773,3,732,0,4,4
2528020,0,3998.987343,5384.069421,69102.80396,4,733,0,4,4
8465225,3,4926.696104,15577.76393,92174.96654,8,733,0,4,4
2445395,1,3068.122205,7110.573802,58860.79063,6,733,0,4,4
2100829,1,5652.163333,7471.88945,93847.57552,6,733,0,4,4
7182304,1,4281.706874,8447.159474,79056.21389,6,734,0,4,4
5018937,0,7083.784269,7606.396734,94736.88341,4,734,0,4,4
2373091,1,2161.21338,3841.606668,34801.39284,4,735,0,4,4
5749285,0,4220.273755,4191.787428,62097.69927,6,735,0,4,4
2225658,1,2503.662917,3537.148816,36984.69156,6,735,0,4,4
1237675,1,4357.308441,10823.44917,89452.65138,6,736,0,4,4
2951271,0,7870.565358,5059.104252,96649.44895,6,736,0,4,4
7678486,0,2647.608576,3633.448864,69427.6089,6,737,0,4,4
8741762,0,4476.067479,635.810097,63581.0097,3,738,0,4,4
7933477,1,2897.506337,5977.185785,60474.82544,8,739,0,4,4
2418889,2,5405.799586,10995.62128,86092.68595,7,739,0,4,4
7347209,0,3411.299789,963.6622101,56185.65529,7,740,0,4,4
2648715,1,2519.996448,5912.098261,52309.47538,5,740,0,4,4
4553898,0,4323.722879,6179.338608,79822.57612,5,740,0,4,4
6542730,3,3456.057137,9359.40711,55679.87011,8,741,0,4,4
3185774,1,5747.018463,8730.594156,85772.99593,4,741,0,4,4
1067669,0,2299.140531,2811.547627,36483.06858,3,742,0,4,4
4697103,2,4550.634135,11307.69502,92583.00574,7,743,0,4,4
5887188,2,2696.300768,5758.061609,50548.82075,8,743,0,4,4
2877278,0,2048.868983,1757.924084,31449.86743,6,743,0,4,4
5647158,1,5050.294751,8271.918182,77954.06858,6,744,0,4,4
4618641,0,7042.304481,4137.426549,85413.0674,5,745,0,4,4
4974645,0,6290.500877,6656.924323,89602.99068,3,746,0,4,4
6645305,2,3196.367779,12285.43342,92085.61348,7,746,0,4,4
3302159,1,3097.726306,5869.772482,46601.89065,5,746,0,4,4
3396038,1,2805.944986,5576.142897,54790.32048,4,747,0,4,4
1401953,1,1363.379442,2792.260064,28871.86255,6,749,0,4,4
2349734,2,3740.981862,9458.390922,66417.17914,8,749,0,4,4
3700938,0,4287.42859,7503.36695,77957.79285,4,749,0,4,4
3672265,1,5423.942645,8524.640887,99150.69003,7,750,0,4,4
2906359,1,5253.969111,8804.099595,76769.75496,5,751,0,4,4
3947749,0,2259.203656,1561.381084,49200.76896,6,751,0,4,4
7662017,0,3420.828745,3552.974616,62838.86515,5,751,0,4,4
7125694,0,2904.436456,3806.284655,45019.50894,4,751,0,4,4
7595098,1,4250.859078,6010.114775,73057.85734,7,752,0,4,4
2405579,0,3886.155911,5887.147007,68081.33875,4,753,0,4,4
1750998,5,3153.385598,14630.87142,58229.3543,6,753,1,4,4
3279204,1,3509.853269,9434.868921,75551.558,4,754,0,4,4
2195286,1,2800.316359,4540.64595,43040.16541,3,754,0,4,4
1269925,0,3873.883058,6417.802407,84764.40821,6,756,0,4,4
5976524,1,3503.317874,7297.99605,61505.05913,5,759,0,4,4
4678142,1,5175.130742,11451.54387,94506.44951,5,759,0,4,4
6203032,0,6724.54209,3738.62143,87012.98514,2,760,0,4,4
5281248,2,2371.010454,5194.795588,40131.12281,7,760,0,4,4
6729260,1,1988.264097,4730.369351,42299.0917,6,763,0,4,4
2948051,0,4470.490457,2387.751259,66307.55718,4,764,0,4,4
6299123,2,5174.483976,13598.12768,96122.43767,7,766,0,4,4
2507800,0,4486.863225,2817.725445,87726.29555,7,772,0,4,4
2553234,0,2699.789507,680.4998763,41406.15383,7,774,0,4,4
8294885,2,3353.219834,7784.64305,52503.9492,7,775,0,4,4
8588634,0,3766.637723,3753.40006,71059.97521,6,780,0,4,4
3258404,1,3044.751919,4972.39513,53714.70992,6,787,0,4,4
2233141,1,4514.037116,7155.823465,63430.97664,4,790,0,4,4
7297935,0,3297.892156,2685.410022,58193.41232,5,801,0,4,4
1743855,1,1398.610404,2649.708007,21976.97259,4,808,0,4,4
5271979,0,4283.135082,2308.761156,64800.64789,6,814,0,4,4
2967189,2,4803.995367,12920.80908,82500.9511,8,828,0,4,4
